images,labels
./data/images_labels\1.jpg,./data/images_labels\1.xml
./data/images_labels\2.jpg,./data/images_labels\2.xml
./data/images_labels\3.jpg,./data/images_labels\3.xml
./data/images_labels\4.jpg,./data/images_labels\4.xml
./data/images_labels\5.jpg,./data/images_labels\5.xml
./data/images_labels\6.jpg,./data/images_labels\6.xml
./data/images_labels\7.jpg,./data/images_labels\7.xml
./data/images_labels\8.jpg,./data/images_labels\8.xml
./data/images_labels\9.jpg,./data/images_labels\9.xml
./data/images_labels\10.jpg,./data/images_labels\10.xml
./data/images_labels\11.jpg,./data/images_labels\11.xml
./data/images_labels\12.jpg,./data/images_labels\12.xml
./data/images_labels\13.jpg,./data/images_labels\13.xml
./data/images_labels\14.jpg,./data/images_labels\14.xml
./data/images_labels\15.jpg,./data/images_labels\15.xml
./data/images_labels\16.jpg,./data/images_labels\16.xml
./data/images_labels\17.jpg,./data/images_labels\17.xml
./data/images_labels\18.jpg,./data/images_labels\18.xml
./data/images_labels\19.jpg,./data/images_labels\19.xml
./data/images_labels\20.jpg,./data/images_labels\20.xml
./data/images_labels\21.jpg,./data/images_labels\21.xml
./data/images_labels\22.jpg,./data/images_labels\22.xml
./data/images_labels\23.jpg,./data/images_labels\23.xml
./data/images_labels\24.jpg,./data/images_labels\24.xml
./data/images_labels\25.jpg,./data/images_labels\25.xml
./data/images_labels\26.jpg,./data/images_labels\26.xml
./data/images_labels\27.jpg,./data/images_labels\27.xml
./data/images_labels\28.jpg,./data/images_labels\28.xml
./data/images_labels\29.jpg,./data/images_labels\29.xml
./data/images_labels\30.jpg,./data/images_labels\30.xml
./data/images_labels\31.jpg,./data/images_labels\31.xml
./data/images_labels\32.jpg,./data/images_labels\32.xml
./data/images_labels\33.jpg,./data/images_labels\33.xml
./data/images_labels\34.jpg,./data/images_labels\34.xml
./data/images_labels\35.jpg,./data/images_labels\35.xml
./data/images_labels\36.jpg,./data/images_labels\36.xml
./data/images_labels\38.jpg,./data/images_labels\38.xml
./data/images_labels\39.jpg,./data/images_labels\39.xml
./data/images_labels\40.jpg,./data/images_labels\40.xml
./data/images_labels\41.jpg,./data/images_labels\41.xml
./data/images_labels\42.jpg,./data/images_labels\42.xml
./data/images_labels\43.jpg,./data/images_labels\43.xml
./data/images_labels\44.jpg,./data/images_labels\44.xml
./data/images_labels\45.jpg,./data/images_labels\45.xml
./data/images_labels\46.jpg,./data/images_labels\46.xml
./data/images_labels\47.jpg,./data/images_labels\47.xml
./data/images_labels\48.jpg,./data/images_labels\48.xml
./data/images_labels\49.jpg,./data/images_labels\49.xml
./data/images_labels\50.jpg,./data/images_labels\50.xml
./data/images_labels\51.jpg,./data/images_labels\51.xml
./data/images_labels\52.jpg,./data/images_labels\52.xml
./data/images_labels\53.jpg,./data/images_labels\53.xml
./data/images_labels\54.jpg,./data/images_labels\54.xml
./data/images_labels\55.jpg,./data/images_labels\55.xml
./data/images_labels\56.jpg,./data/images_labels\56.xml
./data/images_labels\57.jpg,./data/images_labels\57.xml
./data/images_labels\58.jpg,./data/images_labels\58.xml
./data/images_labels\59.jpg,./data/images_labels\59.xml
./data/images_labels\60.jpg,./data/images_labels\60.xml
./data/images_labels\61.jpg,./data/images_labels\61.xml
./data/images_labels\62.jpg,./data/images_labels\62.xml
./data/images_labels\63.jpg,./data/images_labels\63.xml
./data/images_labels\64.jpg,./data/images_labels\64.xml
./data/images_labels\65.jpg,./data/images_labels\65.xml
./data/images_labels\66.jpg,./data/images_labels\66.xml
./data/images_labels\67.jpg,./data/images_labels\67.xml
./data/images_labels\68.jpg,./data/images_labels\68.xml
./data/images_labels\69.jpg,./data/images_labels\69.xml
./data/images_labels\70.jpg,./data/images_labels\70.xml
./data/images_labels\71.jpg,./data/images_labels\71.xml
./data/images_labels\72.jpg,./data/images_labels\72.xml
./data/images_labels\73.jpg,./data/images_labels\73.xml
./data/images_labels\74.jpg,./data/images_labels\74.xml
./data/images_labels\75.jpg,./data/images_labels\75.xml
./data/images_labels\76.jpg,./data/images_labels\76.xml
./data/images_labels\77.jpg,./data/images_labels\77.xml
./data/images_labels\78.jpg,./data/images_labels\78.xml
./data/images_labels\79.jpg,./data/images_labels\79.xml
./data/images_labels\80.jpg,./data/images_labels\80.xml
./data/images_labels\81.jpg,./data/images_labels\81.xml
./data/images_labels\82.jpg,./data/images_labels\82.xml
./data/images_labels\83.jpg,./data/images_labels\83.xml
./data/images_labels\84.jpg,./data/images_labels\84.xml
./data/images_labels\85.jpg,./data/images_labels\85.xml
./data/images_labels\86.jpg,./data/images_labels\86.xml
./data/images_labels\87.jpg,./data/images_labels\87.xml
./data/images_labels\88.jpg,./data/images_labels\88.xml
./data/images_labels\89.jpg,./data/images_labels\89.xml
./data/images_labels\90.jpg,./data/images_labels\90.xml
./data/images_labels\91.jpg,./data/images_labels\91.xml
./data/images_labels\92.jpg,./data/images_labels\92.xml
./data/images_labels\93.jpg,./data/images_labels\93.xml
./data/images_labels\94.jpg,./data/images_labels\94.xml
./data/images_labels\95.jpg,./data/images_labels\95.xml
./data/images_labels\96.jpg,./data/images_labels\96.xml
./data/images_labels\97.jpg,./data/images_labels\97.xml
./data/images_labels\98.jpg,./data/images_labels\98.xml
./data/images_labels\99.jpg,./data/images_labels\99.xml
./data/images_labels\100.jpg,./data/images_labels\100.xml
./data/images_labels\101.jpg,./data/images_labels\101.xml
./data/images_labels\102.jpg,./data/images_labels\102.xml
./data/images_labels\103.jpg,./data/images_labels\103.xml
./data/images_labels\104.jpg,./data/images_labels\104.xml
./data/images_labels\105.jpg,./data/images_labels\105.xml
./data/images_labels\106.jpg,./data/images_labels\106.xml
./data/images_labels\107.jpg,./data/images_labels\107.xml
./data/images_labels\108.jpg,./data/images_labels\108.xml
./data/images_labels\109.jpg,./data/images_labels\109.xml
./data/images_labels\110.jpg,./data/images_labels\110.xml
./data/images_labels\111.jpg,./data/images_labels\111.xml
./data/images_labels\112.jpg,./data/images_labels\112.xml
./data/images_labels\113.jpg,./data/images_labels\113.xml
./data/images_labels\115.jpg,./data/images_labels\115.xml
./data/images_labels\116.jpg,./data/images_labels\116.xml
./data/images_labels\117.jpg,./data/images_labels\117.xml
./data/images_labels\118.jpg,./data/images_labels\118.xml
./data/images_labels\119.jpg,./data/images_labels\119.xml
./data/images_labels\120.jpg,./data/images_labels\120.xml
./data/images_labels\121.jpg,./data/images_labels\121.xml
./data/images_labels\122.jpg,./data/images_labels\122.xml
./data/images_labels\123.jpg,./data/images_labels\123.xml
./data/images_labels\124.jpg,./data/images_labels\124.xml
./data/images_labels\125.jpg,./data/images_labels\125.xml
./data/images_labels\126.jpg,./data/images_labels\126.xml
./data/images_labels\127.jpg,./data/images_labels\127.xml
./data/images_labels\128.jpg,./data/images_labels\128.xml
./data/images_labels\129.jpg,./data/images_labels\129.xml
./data/images_labels\130.jpg,./data/images_labels\130.xml
./data/images_labels\131.jpg,./data/images_labels\131.xml
./data/images_labels\132.jpg,./data/images_labels\132.xml
./data/images_labels\133.jpg,./data/images_labels\133.xml
./data/images_labels\134.jpg,./data/images_labels\134.xml
./data/images_labels\135.jpg,./data/images_labels\135.xml
./data/images_labels\136.jpg,./data/images_labels\136.xml
./data/images_labels\137.jpg,./data/images_labels\137.xml
./data/images_labels\138.jpg,./data/images_labels\138.xml
./data/images_labels\139.jpg,./data/images_labels\139.xml
./data/images_labels\140.jpg,./data/images_labels\140.xml
./data/images_labels\141.jpg,./data/images_labels\141.xml
./data/images_labels\142.jpg,./data/images_labels\142.xml
./data/images_labels\143.jpg,./data/images_labels\143.xml
./data/images_labels\144.jpg,./data/images_labels\144.xml
./data/images_labels\145.jpg,./data/images_labels\145.xml
./data/images_labels\146.jpg,./data/images_labels\146.xml
./data/images_labels\147.jpg,./data/images_labels\147.xml
./data/images_labels\148.jpg,./data/images_labels\148.xml
./data/images_labels\149.jpg,./data/images_labels\149.xml
./data/images_labels\150.jpg,./data/images_labels\150.xml
./data/images_labels\151.jpg,./data/images_labels\151.xml
./data/images_labels\152.jpg,./data/images_labels\152.xml
./data/images_labels\153.jpg,./data/images_labels\153.xml
./data/images_labels\154.jpg,./data/images_labels\154.xml
./data/images_labels\155.jpg,./data/images_labels\155.xml
./data/images_labels\156.jpg,./data/images_labels\156.xml
./data/images_labels\157.jpg,./data/images_labels\157.xml
./data/images_labels\158.jpg,./data/images_labels\158.xml
./data/images_labels\159.jpg,./data/images_labels\159.xml
./data/images_labels\160.jpg,./data/images_labels\160.xml
./data/images_labels\161.jpg,./data/images_labels\161.xml
./data/images_labels\162.jpg,./data/images_labels\162.xml
./data/images_labels\163.jpg,./data/images_labels\163.xml
./data/images_labels\164.jpg,./data/images_labels\164.xml
./data/images_labels\165.jpg,./data/images_labels\165.xml
./data/images_labels\166.jpg,./data/images_labels\166.xml
./data/images_labels\167.jpg,./data/images_labels\167.xml
./data/images_labels\168.jpg,./data/images_labels\168.xml
./data/images_labels\169.jpg,./data/images_labels\169.xml
./data/images_labels\170.jpg,./data/images_labels\170.xml
./data/images_labels\171.jpg,./data/images_labels\171.xml
./data/images_labels\172.jpg,./data/images_labels\172.xml
./data/images_labels\173.jpg,./data/images_labels\173.xml
./data/images_labels\174.jpg,./data/images_labels\174.xml
./data/images_labels\175.jpg,./data/images_labels\175.xml
./data/images_labels\176.jpg,./data/images_labels\176.xml
./data/images_labels\177.jpg,./data/images_labels\177.xml
./data/images_labels\178.jpg,./data/images_labels\178.xml
./data/images_labels\179.jpg,./data/images_labels\179.xml
./data/images_labels\180.jpg,./data/images_labels\180.xml
./data/images_labels\181.jpg,./data/images_labels\181.xml
./data/images_labels\182.jpg,./data/images_labels\182.xml
./data/images_labels\183.jpg,./data/images_labels\183.xml
./data/images_labels\184.jpg,./data/images_labels\184.xml
./data/images_labels\185.jpg,./data/images_labels\185.xml
./data/images_labels\186.jpg,./data/images_labels\186.xml
./data/images_labels\187.jpg,./data/images_labels\187.xml
./data/images_labels\188.jpg,./data/images_labels\188.xml
./data/images_labels\189.jpg,./data/images_labels\189.xml
./data/images_labels\190.jpg,./data/images_labels\190.xml
./data/images_labels\192.jpg,./data/images_labels\192.xml
./data/images_labels\193.jpg,./data/images_labels\193.xml
./data/images_labels\194.jpg,./data/images_labels\194.xml
./data/images_labels\195.jpg,./data/images_labels\195.xml
./data/images_labels\196.jpg,./data/images_labels\196.xml
./data/images_labels\197.jpg,./data/images_labels\197.xml
./data/images_labels\198.jpg,./data/images_labels\198.xml
./data/images_labels\199.jpg,./data/images_labels\199.xml
./data/images_labels\200.jpg,./data/images_labels\200.xml
./data/images_labels\201.jpg,./data/images_labels\201.xml
./data/images_labels\202.jpg,./data/images_labels\202.xml
./data/images_labels\203.jpg,./data/images_labels\203.xml
./data/images_labels\204.jpg,./data/images_labels\204.xml
./data/images_labels\205.jpg,./data/images_labels\205.xml
./data/images_labels\206.jpg,./data/images_labels\206.xml
./data/images_labels\207.jpg,./data/images_labels\207.xml
./data/images_labels\208.jpg,./data/images_labels\208.xml
./data/images_labels\209.jpg,./data/images_labels\209.xml
./data/images_labels\210.jpg,./data/images_labels\210.xml
./data/images_labels\211.jpg,./data/images_labels\211.xml
./data/images_labels\212.jpg,./data/images_labels\212.xml
./data/images_labels\213.jpg,./data/images_labels\213.xml
./data/images_labels\214.jpg,./data/images_labels\214.xml
./data/images_labels\215.jpg,./data/images_labels\215.xml
./data/images_labels\216.jpg,./data/images_labels\216.xml
./data/images_labels\217.jpg,./data/images_labels\217.xml
./data/images_labels\219.jpg,./data/images_labels\219.xml
./data/images_labels\220.jpg,./data/images_labels\220.xml
./data/images_labels\221.jpg,./data/images_labels\221.xml
./data/images_labels\222.jpg,./data/images_labels\222.xml
./data/images_labels\223.jpg,./data/images_labels\223.xml
./data/images_labels\224.jpg,./data/images_labels\224.xml
./data/images_labels\225.jpg,./data/images_labels\225.xml
./data/images_labels\226.jpg,./data/images_labels\226.xml
./data/images_labels\227.jpg,./data/images_labels\227.xml
./data/images_labels\228.jpg,./data/images_labels\228.xml
./data/images_labels\229.jpg,./data/images_labels\229.xml
./data/images_labels\230.jpg,./data/images_labels\230.xml
./data/images_labels\231.jpg,./data/images_labels\231.xml
./data/images_labels\232.jpg,./data/images_labels\232.xml
./data/images_labels\233.jpg,./data/images_labels\233.xml
./data/images_labels\234.jpg,./data/images_labels\234.xml
./data/images_labels\235.jpg,./data/images_labels\235.xml
./data/images_labels\236.jpg,./data/images_labels\236.xml
./data/images_labels\237.jpg,./data/images_labels\237.xml
./data/images_labels\238.jpg,./data/images_labels\238.xml
./data/images_labels\239.jpg,./data/images_labels\239.xml
./data/images_labels\240.jpg,./data/images_labels\240.xml
./data/images_labels\241.jpg,./data/images_labels\241.xml
./data/images_labels\242.jpg,./data/images_labels\242.xml
./data/images_labels\243.jpg,./data/images_labels\243.xml
./data/images_labels\244.jpg,./data/images_labels\244.xml
./data/images_labels\245.jpg,./data/images_labels\245.xml
./data/images_labels\246.jpg,./data/images_labels\246.xml
./data/images_labels\247.jpg,./data/images_labels\247.xml
./data/images_labels\248.jpg,./data/images_labels\248.xml
./data/images_labels\249.jpg,./data/images_labels\249.xml
./data/images_labels\250.jpg,./data/images_labels\250.xml
./data/images_labels\251.jpg,./data/images_labels\251.xml
./data/images_labels\252.jpg,./data/images_labels\252.xml
./data/images_labels\253.jpg,./data/images_labels\253.xml
./data/images_labels\254.jpg,./data/images_labels\254.xml
./data/images_labels\255.jpg,./data/images_labels\255.xml
./data/images_labels\256.jpg,./data/images_labels\256.xml
./data/images_labels\257.jpg,./data/images_labels\257.xml
./data/images_labels\258.jpg,./data/images_labels\258.xml
./data/images_labels\259.jpg,./data/images_labels\259.xml
./data/images_labels\260.jpg,./data/images_labels\260.xml
./data/images_labels\261.jpg,./data/images_labels\261.xml
./data/images_labels\262.jpg,./data/images_labels\262.xml
./data/images_labels\263.jpg,./data/images_labels\263.xml
./data/images_labels\264.jpg,./data/images_labels\264.xml
./data/images_labels\265.jpg,./data/images_labels\265.xml
./data/images_labels\266.jpg,./data/images_labels\266.xml
./data/images_labels\267.jpg,./data/images_labels\267.xml
./data/images_labels\268.jpg,./data/images_labels\268.xml
./data/images_labels\269.jpg,./data/images_labels\269.xml
./data/images_labels\270.jpg,./data/images_labels\270.xml
./data/images_labels\271.jpg,./data/images_labels\271.xml
./data/images_labels\272.jpg,./data/images_labels\272.xml
./data/images_labels\273.jpg,./data/images_labels\273.xml
./data/images_labels\274.jpg,./data/images_labels\274.xml
./data/images_labels\275.jpg,./data/images_labels\275.xml
./data/images_labels\276.jpg,./data/images_labels\276.xml
./data/images_labels\277.jpg,./data/images_labels\277.xml
./data/images_labels\278.jpg,./data/images_labels\278.xml
./data/images_labels\279.jpg,./data/images_labels\279.xml
./data/images_labels\280.jpg,./data/images_labels\280.xml
./data/images_labels\281.jpg,./data/images_labels\281.xml
./data/images_labels\282.jpg,./data/images_labels\282.xml
./data/images_labels\283.jpg,./data/images_labels\283.xml
./data/images_labels\284.jpg,./data/images_labels\284.xml
./data/images_labels\285.jpg,./data/images_labels\285.xml
./data/images_labels\286.jpg,./data/images_labels\286.xml
./data/images_labels\287.jpg,./data/images_labels\287.xml
./data/images_labels\288.jpg,./data/images_labels\288.xml
./data/images_labels\289.jpg,./data/images_labels\289.xml
./data/images_labels\290.jpg,./data/images_labels\290.xml
./data/images_labels\291.jpg,./data/images_labels\291.xml
./data/images_labels\292.jpg,./data/images_labels\292.xml
./data/images_labels\293.jpg,./data/images_labels\293.xml
./data/images_labels\294.jpg,./data/images_labels\294.xml
./data/images_labels\295.jpg,./data/images_labels\295.xml
./data/images_labels\296.jpg,./data/images_labels\296.xml
./data/images_labels\297.jpg,./data/images_labels\297.xml
./data/images_labels\298.jpg,./data/images_labels\298.xml
./data/images_labels\299.jpg,./data/images_labels\299.xml
./data/images_labels\300.jpg,./data/images_labels\300.xml
./data/images_labels\301.jpg,./data/images_labels\301.xml
./data/images_labels\302.jpg,./data/images_labels\302.xml
./data/images_labels\303.jpg,./data/images_labels\303.xml
./data/images_labels\304.jpg,./data/images_labels\304.xml
./data/images_labels\305.jpg,./data/images_labels\305.xml
./data/images_labels\306.jpg,./data/images_labels\306.xml
./data/images_labels\307.jpg,./data/images_labels\307.xml
./data/images_labels\308.jpg,./data/images_labels\308.xml
./data/images_labels\309.jpg,./data/images_labels\309.xml
./data/images_labels\310.jpg,./data/images_labels\310.xml
./data/images_labels\311.jpg,./data/images_labels\311.xml
./data/images_labels\312.jpg,./data/images_labels\312.xml
./data/images_labels\313.jpg,./data/images_labels\313.xml
./data/images_labels\314.jpg,./data/images_labels\314.xml
./data/images_labels\315.jpg,./data/images_labels\315.xml
./data/images_labels\316.jpg,./data/images_labels\316.xml
./data/images_labels\317.jpg,./data/images_labels\317.xml
./data/images_labels\318.jpg,./data/images_labels\318.xml
./data/images_labels\319.jpg,./data/images_labels\319.xml
./data/images_labels\320.jpg,./data/images_labels\320.xml
./data/images_labels\321.jpg,./data/images_labels\321.xml
./data/images_labels\323.jpg,./data/images_labels\323.xml
./data/images_labels\326.jpg,./data/images_labels\326.xml
./data/images_labels\329.jpg,./data/images_labels\329.xml
./data/images_labels\330.jpg,./data/images_labels\330.xml
./data/images_labels\331.jpg,./data/images_labels\331.xml
./data/images_labels\332.jpg,./data/images_labels\332.xml
./data/images_labels\333.jpg,./data/images_labels\333.xml
./data/images_labels\334.jpg,./data/images_labels\334.xml
./data/images_labels\335.jpg,./data/images_labels\335.xml
./data/images_labels\337.jpg,./data/images_labels\337.xml
./data/images_labels\338.jpg,./data/images_labels\338.xml
./data/images_labels\339.jpg,./data/images_labels\339.xml
./data/images_labels\340.jpg,./data/images_labels\340.xml
./data/images_labels\341.jpg,./data/images_labels\341.xml
./data/images_labels\342.jpg,./data/images_labels\342.xml
./data/images_labels\343.jpg,./data/images_labels\343.xml
./data/images_labels\344.jpg,./data/images_labels\344.xml
./data/images_labels\345.jpg,./data/images_labels\345.xml
./data/images_labels\346.jpg,./data/images_labels\346.xml
./data/images_labels\347.jpg,./data/images_labels\347.xml
./data/images_labels\348.jpg,./data/images_labels\348.xml
./data/images_labels\349.jpg,./data/images_labels\349.xml
./data/images_labels\350.jpg,./data/images_labels\350.xml
./data/images_labels\351.jpg,./data/images_labels\351.xml
./data/images_labels\352.jpg,./data/images_labels\352.xml
./data/images_labels\353.jpg,./data/images_labels\353.xml
./data/images_labels\354.jpg,./data/images_labels\354.xml
./data/images_labels\355.jpg,./data/images_labels\355.xml
./data/images_labels\356.jpg,./data/images_labels\356.xml
./data/images_labels\357.jpg,./data/images_labels\357.xml
./data/images_labels\358.jpg,./data/images_labels\358.xml
./data/images_labels\359.jpg,./data/images_labels\359.xml
./data/images_labels\360.jpg,./data/images_labels\360.xml
./data/images_labels\361.jpg,./data/images_labels\361.xml
./data/images_labels\362.jpg,./data/images_labels\362.xml
./data/images_labels\363.jpg,./data/images_labels\363.xml
./data/images_labels\364.jpg,./data/images_labels\364.xml
./data/images_labels\365.jpg,./data/images_labels\365.xml
./data/images_labels\366.jpg,./data/images_labels\366.xml
./data/images_labels\367.jpg,./data/images_labels\367.xml
./data/images_labels\368.jpg,./data/images_labels\368.xml
./data/images_labels\369.jpg,./data/images_labels\369.xml
./data/images_labels\370.jpg,./data/images_labels\370.xml
./data/images_labels\371.jpg,./data/images_labels\371.xml
./data/images_labels\372.jpg,./data/images_labels\372.xml
./data/images_labels\373.jpg,./data/images_labels\373.xml
./data/images_labels\374.jpg,./data/images_labels\374.xml
./data/images_labels\375.jpg,./data/images_labels\375.xml
./data/images_labels\376.jpg,./data/images_labels\376.xml
./data/images_labels\377.jpg,./data/images_labels\377.xml
./data/images_labels\378.jpg,./data/images_labels\378.xml
./data/images_labels\379.jpg,./data/images_labels\379.xml
./data/images_labels\380.jpg,./data/images_labels\380.xml
./data/images_labels\381.jpg,./data/images_labels\381.xml
./data/images_labels\382.jpg,./data/images_labels\382.xml
./data/images_labels\383.jpg,./data/images_labels\383.xml
./data/images_labels\384.jpg,./data/images_labels\384.xml
./data/images_labels\386.jpg,./data/images_labels\386.xml
./data/images_labels\387.jpg,./data/images_labels\387.xml
./data/images_labels\388.jpg,./data/images_labels\388.xml
./data/images_labels\389.jpg,./data/images_labels\389.xml
./data/images_labels\390.jpg,./data/images_labels\390.xml
./data/images_labels\391.jpg,./data/images_labels\391.xml
./data/images_labels\392.jpg,./data/images_labels\392.xml
./data/images_labels\394.jpg,./data/images_labels\394.xml
./data/images_labels\395.jpg,./data/images_labels\395.xml
./data/images_labels\396.jpg,./data/images_labels\396.xml
./data/images_labels\397.jpg,./data/images_labels\397.xml
./data/images_labels\398.jpg,./data/images_labels\398.xml
./data/images_labels\399.jpg,./data/images_labels\399.xml
./data/images_labels\400.jpg,./data/images_labels\400.xml